id_cliente,Nombre,Apellido,telefono,correo_electronico,direccion
1,Frannie,Hark,5653838216,fhark0@delicious.com,63 Summer Ridge Lane
2,Lorant,Ethelston,1861525077,lethelston1@people.com.cn,705 Holy Cross Terrace
3,Zora,Gorman,4108809757,zgorman2@va.gov,7 Daystar Drive
4,Teddy,Ellicock,1514174558,tellicock3@bluehost.com,71 Fieldstone Way
5,Arin,Antowski,4747410383,aantowski4@adobe.com,155 Hallows Alley
6,Jonas,Dominichetti,5335294867,jdominichetti5@qq.com,4542 Stoughton Plaza
7,Codee,Hovenden,2922698944,chovenden6@clickbank.net,60219 Duke Parkway
8,Glyn,Sancraft,1903274944,gsancraft7@infoseek.co.jp,69307 Forster Crossing
9,Kelby,Scurfield,2117576019,kscurfield8@java.com,9815 Oak Valley Avenue
10,Keefe,Patrick,1193523649,kpatrick9@dot.gov,77 Commercial Place
11,Sephira,Albion,9472152770,salbiona@cbslocal.com,3 Weeping Birch Trail
12,Verne,Jelk,5501857993,vjelkb@seattletimes.com,3596 Sullivan Point
13,Izabel,Boshers,8715003147,iboshersc@jugem.jp,365 Ridge Oak Plaza
14,Gawen,Le Blond,3042635550,gleblondd@cdbaby.com,49603 Scofield Center
15,Gayler,Eake,6055004360,geakee@ucsd.edu,73392 Ohio Hill
16,Bobbie,Huitt,5638018160,bhuittf@soup.io,2 Sugar Hill
17,Ottilie,O'Kelly,6376504451,ookellyg@dell.com,34364 Hanson Street
18,Jerrie,Dubery,8371032237,jduberyh@theguardian.com,5 Stang Avenue
19,Brigitte,Magister,5552140594,bmagisteri@marriott.com,4714 Mallard Trail
20,Mollie,Ridings,2931036693,mridingsj@ucoz.ru,4 Portage Park
21,Bobette,Ounsworth,9536441468,bounsworthk@washingtonpost.com,3418 Hollow Ridge Pass
22,Marybeth,Calltone,8009481185,mcalltonel@joomla.org,8 Sachtjen Plaza
23,Betta,Benard,8878865415,bbenardm@yellowpages.com,8698 Sachs Terrace
24,Lola,Sonley,3416461408,lsonleyn@dropbox.com,0 Anthes Place
25,Barbara,Blayd,7368403786,bblaydo@craigslist.org,04 Dahle Junction
26,Datha,Barthelemy,6392999127,dbarthelemyp@google.de,6 Orin Park
27,Katharine,Oyley,1687399082,koyleyq@jugem.jp,5 Vidon Crossing
28,Myrvyn,Cashen,9096802062,mcashenr@homestead.com,6 Darwin Center
29,Melloney,Blune,8565872013,mblunes@a8.net,66 Sutherland Alley
30,Cicely,Alvin,3752690124,calvint@economist.com,05 Forest Run Lane
31,Mylo,Steventon,1838927481,msteventonu@archive.org,3 Schiller Trail
32,Coleman,Conre,5925985625,cconrev@studiopress.com,042 Autumn Leaf Court
33,Zarla,Martyntsev,1213545318,zmartyntsevw@tinypic.com,32 Warbler Street
34,Conan,Moncaster,5802858652,cmoncasterx@timesonline.co.uk,45559 Harper Park
35,Kienan,Rosen,6363694189,kroseny@geocities.com,670 Nancy Hill
36,Cecily,Wiggins,8879741930,cwigginsz@domainmarket.com,46072 Gerald Circle
37,Merry,Woodall,6782937102,mwoodall10@gizmodo.com,574 Anniversary Road
38,Tallie,Goeff,3474999367,tgoeff11@dagondesign.com,7 Clarendon Court
39,Samaria,MacCafferky,1265905603,smaccafferky12@dyndns.org,95 Sauthoff Junction
40,Leonore,Dufton,5117883299,ldufton13@squidoo.com,29904 Kropf Avenue
41,Cobb,Hullins,4242654469,chullins14@nifty.com,54334 Anthes Alley
42,Lorry,Ruilton,6834966524,lruilton15@samsung.com,19340 Northwestern Trail
43,Averil,Frentz,5997844290,afrentz16@go.com,20 Hintze Park
44,Clarita,Walsom,2418827838,cwalsom17@cnet.com,1760 Troy Plaza
45,Zoe,Bland,6336835024,zbland18@fotki.com,54 Summit Street
46,Josefa,Lakes,5881183908,jlakes19@senate.gov,098 Hovde Center
47,Agathe,Gelletly,3648668092,agelletly1a@lulu.com,1966 Gulseth Crossing
48,Nissa,Quickfall,1068638519,nquickfall1b@nationalgeographic.com,2056 Swallow Circle
49,Dacy,Claye,4676931847,dclaye1c@bloglovin.com,3176 Monica Park
50,Celinka,Cliss,2514930418,ccliss1d@google.ru,6670 Corscot Crossing
51,Stuart,Berk,8557674682,sberk1e@netvibes.com,1 Crest Line Circle
52,Gilberte,Klewer,1594700074,gklewer1f@shutterfly.com,4 Loeprich Center
53,Noella,Rylett,6992604896,nrylett1g@opensource.org,47 Delaware Trail
54,Jewelle,Berkery,7304623081,jberkery1h@reference.com,0368 Valley Edge Avenue
55,Kimmy,Dearsley,2309456068,kdearsley1i@quantcast.com,766 Armistice Terrace
56,Hendrika,Pilkington,1439867315,hpilkington1j@infoseek.co.jp,93633 Glacier Hill Drive
57,Whit,Delacoste,6147166234,wdelacoste1k@miitbeian.gov.cn,14497 Farwell Way
58,Peg,Rapin,1063959430,prapin1l@cocolog-nifty.com,72 4th Court
59,Garnette,MacMickan,2585309584,gmacmickan1m@nymag.com,02569 Kensington Center
60,Nicki,Provis,7173688744,nprovis1n@vimeo.com,33259 Rusk Road
61,Skippy,Cadney,1746543978,scadney1o@walmart.com,0689 Dunning Point
62,Kevin,Fries,4222109906,kfries1p@reuters.com,071 Hansons Park
63,Barb,Kleeborn,8723950526,bkleeborn1q@globo.com,02778 Morning Lane
64,Keir,Ardron,4216671267,kardron1r@shinystat.com,1522 Rusk Crossing
65,Daffie,Cradoc,7405617045,dcradoc1s@upenn.edu,30 Kropf Terrace
66,Barbey,Setchell,4706724005,bsetchell1t@php.net,84 David Way
67,Nataline,Zimmerman,2631149411,nzimmerman1u@independent.co.uk,3 Orin Lane
68,Pedro,Jotham,7045265821,pjotham1v@psu.edu,780 Esker Court
69,Junette,Glusby,4766384103,jglusby1w@craigslist.org,4 Sherman Court
70,Gabriella,Fermer,7736628370,gfermer1x@umn.edu,521 Manley Drive
71,Abe,Seiter,3817002264,aseiter1y@usa.gov,2224 Moulton Trail
72,Mellie,Tinston,7167648396,mtinston1z@domainmarket.com,69405 High Crossing Hill
73,Hattie,Banane,7476600493,hbanane20@tumblr.com,103 Bluejay Crossing
74,Rosco,Sketcher,6403621353,rsketcher21@netvibes.com,618 Forest Avenue
75,Ruperta,Stidston,2407802227,rstidston22@meetup.com,6 Chive Lane
76,Zebulen,Hinchon,9751258307,zhinchon23@springer.com,9 Green Court
77,Merridie,Prose,7639964597,mprose24@drupal.org,460 Meadow Vale Plaza
78,Dyana,Scotney,2258293707,dscotney25@goo.gl,371 Eastlawn Way
79,Alice,Flecknell,7938451535,aflecknell26@geocities.com,600 Burrows Place
80,Delmar,Gillbard,1536730144,dgillbard27@4shared.com,45 Brickson Park Trail
81,Dolli,Van Hesteren,1431911870,dvanhesteren28@bbc.co.uk,702 Sommers Parkway
82,Fergus,Caunt,7801658876,fcaunt29@bandcamp.com,7338 Pepper Wood Way
83,Darcy,Bayliss,4392557396,dbayliss2a@intel.com,0 Russell Plaza
84,Kerk,Iremonger,6056452769,kiremonger2b@hostgator.com,7899 Grasskamp Park
85,Allsun,Divine,1985960070,adivine2c@booking.com,8657 Vermont Way
86,Vitoria,Howton,3395920184,vhowton2d@hc360.com,9472 Mccormick Park
87,Regen,Ferriere,9342624834,rferriere2e@wikia.com,3162 Morrow Court
88,Anastasia,Deneve,2296053292,adeneve2f@noaa.gov,33 Kennedy Court
89,Sherye,Tubble,1507096849,stubble2g@simplemachines.org,09768 Sauthoff Hill
90,Cullie,Cottel,9802952254,ccottel2h@state.gov,0435 Sundown Alley
91,Chase,Foulger,1951408529,cfoulger2i@storify.com,3 Park Meadow Street
92,Harlin,Herculeson,1051507246,hherculeson2j@360.cn,09140 David Place
93,Abe,Velareal,9492377101,avelareal2k@wikia.com,27 Bay Lane
94,Tamara,McMurty,5035860573,tmcmurty2l@tripod.com,73 Paget Drive
95,Kelci,Danahar,1822143497,kdanahar2m@yahoo.com,14555 John Wall Terrace
96,Leslie,Apdell,1851409189,lapdell2n@imdb.com,4 Express Alley
97,Aila,Norton,6395903689,anorton2o@drupal.org,779 Sycamore Road
98,Gilles,Mills,7849126973,gmills2p@bigcartel.com,119 Sunnyside Place
99,Harlen,Brimmell,9458001936,hbrimmell2q@webs.com,078 High Crossing Court
100,Maura,Inglefield,9186448446,minglefield2r@google.com.au,212 Rutledge Trail
101,Meredithe,O'Doireidh,7384957672,modoireidh2s@php.net,93 Pearson Alley
102,Sully,Bernaldez,5681579035,sbernaldez2t@engadget.com,6 Old Gate Hill
103,Nananne,Baszkiewicz,5058076226,nbaszkiewicz2u@cdc.gov,59 Carberry Drive
104,Shurlock,Crass,8085326938,scrass2v@marketwatch.com,64 Talisman Plaza
105,Mala,Haddleton,5132804850,mhaddleton2w@blogtalkradio.com,6 Ludington Lane
106,Hulda,Cockcroft,4306682700,hcockcroft2x@who.int,086 Grayhawk Circle
107,Xenia,Henrys,4533316047,xhenrys2y@nifty.com,03 Fieldstone Way
108,Chev,Gunson,5253143582,cgunson2z@so-net.ne.jp,36582 Helena Park
109,Herbie,Shakelady,6565732049,hshakelady30@g.co,53549 Florence Avenue
110,Lily,Gatherer,6791630267,lgatherer31@myspace.com,5484 Blue Bill Park Point
111,Forbes,O Mullen,8414225107,fomullen32@hc360.com,19 Loeprich Lane
112,Hobey,Diable,9905011403,hdiable33@hexun.com,936 Donald Avenue
113,Blair,Danis,3406526039,bdanis34@reference.com,495 Ludington Drive
114,Hammad,Ondra,9502889550,hondra35@constantcontact.com,828 Ohio Center
115,Doll,Norville,8219117860,dnorville36@boston.com,41363 Chinook Trail
116,Wilfrid,Dunwoody,7924759852,wdunwoody37@wisc.edu,10355 Pearson Way
117,Tessa,MacElane,5964871639,tmacelane38@archive.org,4 Lindbergh Street
118,Hersh,Colquete,4829658569,hcolquete39@reference.com,57 Havey Plaza
119,George,Wheal,2162642525,gwheal3a@aboutads.info,58893 Dennis Trail
120,Aime,Spering,5033503332,aspering3b@globo.com,30644 Sugar Crossing
121,Rory,Ridder,2253928174,rridder3c@nhs.uk,87518 Myrtle Alley
122,Aura,Bendell,3169565753,abendell3d@nba.com,09023 Hayes Road
123,Alec,Sally,1987744578,asally3e@si.edu,87 North Alley
124,Cristen,Tiptaft,7946283297,ctiptaft3f@pagesperso-orange.fr,93 Lerdahl Place
125,Gusti,Goater,6457752972,ggoater3g@shop-pro.jp,1 Chive Place
126,Arnuad,Belcham,9732653991,abelcham3h@cafepress.com,4075 Menomonie Street
127,Larissa,Kob,1709560522,lkob3i@umn.edu,4893 Columbus Terrace
128,Layla,Bakesef,6973597152,lbakesef3j@ustream.tv,16 Park Meadow Parkway
129,Jewelle,Reeme,4205912100,jreeme3k@unc.edu,0796 Green Circle
130,Gabi,Norster,6114499309,gnorster3l@soup.io,28195 Bultman Park
131,Maynard,Dalgardno,4247796038,mdalgardno3m@bloomberg.com,6534 Novick Lane
132,Cammy,Bernardy,4262358455,cbernardy3n@com.com,592 Becker Circle
133,Quill,Nodes,8078233472,qnodes3o@tamu.edu,9290 Express Drive
134,Clemmy,O'Sculley,3308101777,cosculley3p@nps.gov,1 Clemons Circle
135,Brander,Bravery,3145420721,bbravery3q@ihg.com,0956 Forest Dale Point
136,Keslie,Tatam,4365694854,ktatam3r@wunderground.com,34 Anderson Park
137,Maxie,Cliburn,9488534478,mcliburn3s@barnesandnoble.com,4 Iowa Pass
138,Kennan,Kulicke,2181404646,kkulicke3t@reuters.com,32883 Warner Circle
139,Lukas,Fanthome,6678820349,lfanthome3u@npr.org,8 Old Gate Pass
140,Shermie,Andrat,7302731468,sandrat3v@army.mil,805 Pine View Terrace
141,Agnese,Gansbuhler,3734325328,agansbuhler3w@loc.gov,4904 Arizona Trail
142,Hadlee,Merring,5882584823,hmerring3x@biglobe.ne.jp,25 New Castle Point
143,Henrieta,Willoughley,4783902180,hwilloughley3y@123-reg.co.uk,9777 Hoard Street
144,Cordelie,Austen,9748976542,causten3z@utexas.edu,3 Oxford Park
145,Hortensia,Loalday,8881822593,hloalday40@fc2.com,90 Lakeland Plaza
146,Remington,Domnick,4257248549,rdomnick41@miibeian.gov.cn,87190 Clarendon Park
147,Laurice,Erat,2028962999,lerat42@spotify.com,51505 Fallview Alley
148,Margeaux,Showell,2381398066,mshowell43@sciencedirect.com,2 Green Ridge Crossing
149,Guglielma,Laffoley-Lane,7212255003,glaffoleylane44@cbslocal.com,458 Montana Plaza
150,Josey,Theyer,8118890629,jtheyer45@surveymonkey.com,67082 Express Pass
151,Jessy,Befroy,2826422925,jbefroy46@wired.com,52875 Melrose Point
152,Hercules,Kellert,5678820767,hkellert47@va.gov,001 Kim Place
153,Carmelia,Winsor,7395130141,cwinsor48@liveinternet.ru,727 Golf Court
154,Karole,Emanuel,5195875293,kemanuel49@opensource.org,5828 Arrowood Place
155,Rubi,Ambroz,5294858331,rambroz4a@si.edu,0 Hanson Pass
156,Darsie,Tejero,8957179383,dtejero4b@guardian.co.uk,08 Vidon Trail
157,Daisi,Scholard,9731409200,dscholard4c@weather.com,0 Norway Maple Drive
158,Debby,Shawe,5191197578,dshawe4d@who.int,7097 Muir Plaza
159,Auberon,Trusler,4595866241,atrusler4e@statcounter.com,1641 Manitowish Parkway
160,Evania,Petrus,5841074823,epetrus4f@go.com,92 Holmberg Plaza
161,Rivy,Ioannou,4089973541,rioannou4g@altervista.org,33868 Ramsey Terrace
162,Lois,Child,2046871608,lchild4h@qq.com,4 Kipling Drive
163,Melly,Aldren,9887230906,maldren4i@thetimes.co.uk,05 Debra Pass
164,Westbrook,Koppe,7616388010,wkoppe4j@nbcnews.com,659 Service Circle
165,Gunter,Sivior,3298318138,gsivior4k@unicef.org,4598 Tomscot Pass
166,Arline,Stemp,3949706871,astemp4l@japanpost.jp,2 Almo Trail
167,Theo,McKinnell,1965281088,tmckinnell4m@bloglines.com,8801 Miller Road
168,Lilia,Kezourec,7551377058,lkezourec4n@nymag.com,53 Doe Crossing Trail
169,Phip,Meriton,4014012399,pmeriton4o@deliciousdays.com,5 Harper Court
170,Charmian,Ewbanks,8151970921,cewbanks4p@icq.com,64 Ludington Circle
171,Tadeo,Standidge,2806943740,tstandidge4q@senate.gov,2634 Lien Center
172,Maddi,Antrag,3842091553,mantrag4r@tripod.com,79 Arizona Terrace
173,Corny,Haine,7488841315,chaine4s@twitpic.com,06 Corben Way
174,Margie,Lobbe,1731890046,mlobbe4t@cnn.com,480 Bashford Terrace
175,Jorrie,Luckes,7496184323,jluckes4u@nps.gov,13506 Mcguire Park
176,Roldan,Shilvock,1331708768,rshilvock4v@smh.com.au,3 Talisman Junction
177,Sibelle,Lillo,8116428892,slillo4w@netscape.com,5605 Knutson Circle
178,Hertha,Do,3174833560,hdo4x@census.gov,050 Delaware Lane
179,Aubrie,Barnshaw,9112413688,abarnshaw4y@photobucket.com,1209 Paget Parkway
180,Paule,Galbreth,2389999589,pgalbreth4z@newyorker.com,205 Sachtjen Court
181,Weylin,Pickford,1345710803,wpickford50@bing.com,8 Sunbrook Hill
182,Edlin,Tilford,9705295313,etilford51@washingtonpost.com,69856 Jay Point
183,Lulita,Scanes,6691991211,lscanes52@joomla.org,06 Lawn Pass
184,Parrnell,Bottrill,6779543417,pbottrill53@indiatimes.com,8 Victoria Junction
185,Silvie,Gilbride,4033625111,sgilbride54@uol.com.br,021 Talmadge Road
186,Alaster,Dan,1314145766,adan55@bandcamp.com,92367 Weeping Birch Park
187,Bryon,Pidgeley,3775985237,bpidgeley56@instagram.com,2 Manufacturers Way
188,Carlota,De Blase,5592635042,cdeblase57@linkedin.com,3 Hoard Terrace
189,Eveleen,Kopman,6503812527,ekopman58@aol.com,662 Maryland Hill
190,Gustav,Meynell,6652543391,gmeynell59@plala.or.jp,43724 Pleasure Crossing
191,Abbott,Hegden,5463107887,ahegden5a@umn.edu,59359 Fremont Hill
192,Rozelle,Bees,6565937509,rbees5b@webmd.com,24 Knutson Junction
193,Nancee,Walby,2151423261,nwalby5c@mapquest.com,39 Haas Drive
194,Chico,O'Fallon,4699836689,cofallon5d@miitbeian.gov.cn,4703 Merry Street
195,Annemarie,Leither,5638722200,aleither5e@domainmarket.com,945 Dixon Way
196,Malorie,Eustace,4519298456,meustace5f@homestead.com,3732 Stuart Point
197,Gabe,Abelson,4572927658,gabelson5g@plala.or.jp,9 Lotheville Trail
198,Franklin,Sillars,8137768445,fsillars5h@sourceforge.net,35 David Alley
199,Vasilis,Blogg,8418289816,vblogg5i@blinklist.com,18743 Jackson Street
200,Breanne,Starten,6503782559,bstarten5j@angelfire.com,1577 Susan Place
201,Sonny,Gawkes,1383348606,sgawkes5k@webmd.com,79230 Dixon Point
202,Derek,Cadogan,9104660849,dcadogan5l@etsy.com,012 Lindbergh Parkway
203,Brandise,Spinas,9082669135,bspinas5m@wunderground.com,9 Rutledge Trail
204,Sisile,Berkery,6312802191,sberkery5n@microsoft.com,72 Bultman Trail
205,Ivor,O'Logan,5119101202,iologan5o@uiuc.edu,0 Cottonwood Street
206,Heriberto,Clampett,3698795903,hclampett5p@washingtonpost.com,21 Rusk Court
207,Wini,Traves,6217692619,wtraves5q@state.gov,60650 Jackson Park
208,Alexis,Whyte,7525559240,awhyte5r@nature.com,35591 Kensington Avenue
209,Daloris,Carlone,5949033462,dcarlone5s@nps.gov,905 Mallard Alley
210,Eleen,Beazley,5761392648,ebeazley5t@patch.com,5721 Mendota Avenue
211,Isa,Brymner,8007816249,ibrymner5u@comsenz.com,3660 Porter Way
212,Cacilia,Gummary,9993172609,cgummary5v@google.co.uk,8 1st Point
213,Christy,McGillacoell,2116657631,cmcgillacoell5w@mashable.com,3 Monica Alley
214,Rosalyn,Say,5769631716,rsay5x@mail.ru,0502 Maple Wood Pass
215,Shell,Pasley,8409159497,spasley5y@goo.ne.jp,5 Morrow Center
216,Ardeen,Acreman,7099657666,aacreman5z@discuz.net,943 Bunting Center
217,Marne,Chillcot,9739028149,mchillcot60@liveinternet.ru,330 Macpherson Road
218,Liuka,Marousek,5032007448,lmarousek61@jigsy.com,2877 Fair Oaks Road
219,Nance,McLukie,3526474976,nmclukie62@engadget.com,22322 Northfield Center
220,Consuela,Witton,3217000696,cwitton63@pbs.org,912 Walton Avenue
221,Abbey,MacCostye,1617617928,amaccostye64@google.cn,335 Corscot Hill
222,Sigfrid,Northam,9544931107,snortham65@netlog.com,79 Oneill Plaza
223,Kale,Brazer,5703323630,kbrazer66@list-manage.com,1 Susan Center
224,Emanuel,Parrot,9343542649,eparrot67@virginia.edu,7207 Drewry Alley
225,Teador,Santorini,6504071236,tsantorini68@craigslist.org,70697 Stone Corner Road
226,Mufinella,Gillani,5218832793,mgillani69@diigo.com,6 Garrison Street
227,Stern,Attack,9759760323,sattack6a@blog.com,59 Fisk Junction
228,Lynn,Flieger,4546485354,lflieger6b@deliciousdays.com,5547 Montana Lane
229,Inna,Bus,8486130631,ibus6c@arstechnica.com,39387 Homewood Place
230,Pinchas,Marley,4509197337,pmarley6d@bloomberg.com,42872 Jackson Alley
231,Ambur,Males,8038304834,amales6e@wisc.edu,4 Blaine Pass
232,Tremaine,Woffinden,8529976824,twoffinden6f@slate.com,012 Chinook Place
233,Lorena,Dewberry,2775329998,ldewberry6g@state.tx.us,2 Meadow Ridge Park
234,Roderic,Gillopp,5837148382,rgillopp6h@w3.org,5475 Pepper Wood Crossing
235,Dorian,Pittson,7063299205,dpittson6i@washingtonpost.com,7741 Union Hill
236,Amerigo,Hulson,1354405604,ahulson6j@craigslist.org,93 Oakridge Avenue
237,Christoffer,Shotboult,7756034402,cshotboult6k@4shared.com,63230 David Lane
238,Karlie,Mealand,7081084030,kmealand6l@nytimes.com,9245 Gina Hill
239,Joanie,Durrand,6914802073,jdurrand6m@vistaprint.com,7911 Donald Terrace
240,Arlana,Wadworth,3937031584,awadworth6n@tinypic.com,7 Melody Lane
241,Ciro,Pengilly,7039454706,cpengilly6o@mozilla.org,7195 Fallview Junction
242,Piggy,Yerrill,9732269420,pyerrill6p@ucla.edu,6218 Roth Trail
243,Ring,Softley,1314698179,rsoftley6q@thetimes.co.uk,841 Maple Crossing
244,Sheena,Aylmore,8408866977,saylmore6r@altervista.org,9 Sunnyside Court
245,Lynn,Gellibrand,8414049021,lgellibrand6s@wordpress.org,5184 Grasskamp Plaza
246,Murray,Gley,3649433497,mgley6t@vk.com,763 Ramsey Center
247,Haydon,Pydcock,1826374444,hpydcock6u@abc.net.au,56 Carberry Center
248,Livy,Bletsoe,3216730586,lbletsoe6v@ocn.ne.jp,022 Onsgard Avenue
249,Concordia,Heyworth,9442737557,cheyworth6w@w3.org,64 Parkside Park
250,Rosa,Dikes,7061782371,rdikes6x@ted.com,832 Commercial Circle
251,Reagan,Dirkin,8383602448,rdirkin6y@mozilla.org,336 Vidon Street
252,Quinn,Clemson,9685128830,qclemson6z@reddit.com,78 Oakridge Pass
253,Lynne,Jindracek,2922368249,ljindracek70@php.net,3960 Green Ridge Avenue
254,Shantee,Trow,4121815189,strow71@pcworld.com,39 Pennsylvania Lane
255,Shadow,Haig,1448233503,shaig72@irs.gov,3052 Erie Terrace
256,Nelia,Byforth,1746867656,nbyforth73@abc.net.au,8838 Corry Point
257,Blair,Bleibaum,9858382380,bbleibaum74@arstechnica.com,9 Dakota Trail
258,Gonzales,Grellis,9142465873,ggrellis75@icq.com,22026 Westend Road
259,Sigfrid,Kidstoun,1032160778,skidstoun76@chronoengine.com,27098 Vermont Circle
260,Thaddeus,Drioli,1779710155,tdrioli77@goo.ne.jp,46 Lien Lane
261,Pennie,Kryszkiecicz,5852769233,pkryszkiecicz78@fastcompany.com,9059 Monica Junction
262,Imogene,Prickett,6838111739,iprickett79@drupal.org,090 Sycamore Way
263,Gerick,Reichardt,4815284235,greichardt7a@economist.com,18 Anderson Point
264,Baryram,Chalcraft,1479948106,bchalcraft7b@taobao.com,276 Service Terrace
265,Muriel,Eberle,4971400617,meberle7c@wired.com,0 Ryan Point
266,Nora,Dougliss,8305955780,ndougliss7d@taobao.com,7 Kipling Terrace
267,Lilllie,Swanborough,5122716371,lswanborough7e@chicagotribune.com,86661 Stephen Park
268,Grove,Blackledge,5706048960,gblackledge7f@nytimes.com,8 Forest Dale Crossing
269,Kristy,Mordacai,9179121241,kmordacai7g@alibaba.com,18 Di Loreto Terrace
270,Jeramie,Waterstone,1338500655,jwaterstone7h@imgur.com,72 Monica Parkway
271,Brunhilda,Pendre,8641894220,bpendre7i@gmpg.org,9588 Bonner Center
272,Putnem,Qualtrough,6013891406,pqualtrough7j@omniture.com,765 Arkansas Crossing
273,Murielle,Tomkies,3345423705,mtomkies7k@sciencedirect.com,69 Old Gate Center
274,Norbie,Rettie,4725857927,nrettie7l@canalblog.com,38066 Annamark Center
275,Sue,Hunnybun,3636869666,shunnybun7m@example.com,40 Green Ridge Center
276,Hollie,Slopier,4125645603,hslopier7n@networkadvertising.org,9 Maple Hill
277,Jackquelin,Tyres,6321217993,jtyres7o@mozilla.com,0582 Mayer Court
278,Dallas,Symones,2514259796,dsymones7p@mlb.com,123 Memorial Circle
279,Darryl,Hadlow,6859344358,dhadlow7q@abc.net.au,68 Marcy Point
280,Dianna,Cortese,8976479749,dcortese7r@google.ru,06 Springview Court
281,Emmye,Biggadyke,8584549255,ebiggadyke7s@newsvine.com,63 Di Loreto Place
282,Russell,Visco,5461904817,rvisco7t@eventbrite.com,8332 Claremont Pass
283,Donella,Glasper,1228166611,dglasper7u@bigcartel.com,9 Springview Avenue
284,Karol,Stanford,5111525261,kstanford7v@cpanel.net,2607 Calypso Park
285,Noak,Hollyman,1207279969,nhollyman7w@tuttocitta.it,8 Menomonie Court
286,Zelma,Grigoliis,9736561388,zgrigoliis7x@mtv.com,339 Carpenter Terrace
287,Haywood,Corroyer,8123429164,hcorroyer7y@cpanel.net,60147 Ryan Park
288,Alecia,Vinnick,7297255254,avinnick7z@hhs.gov,52 Canary Place
289,Hugh,Veeler,4404894217,hveeler80@hugedomains.com,7190 Lindbergh Circle
290,Estel,Garmons,5077116979,egarmons81@xinhuanet.com,00695 Mccormick Street
291,Odell,Lovatt,3737937705,olovatt82@state.gov,77 Northview Crossing
292,Maddalena,Alwood,2789124127,malwood83@paypal.com,23884 Melby Lane
293,Lisle,Dunsire,6805852304,ldunsire84@storify.com,923 Florence Parkway
294,Susannah,Noyce,3494467802,snoyce85@tumblr.com,827 Banding Way
295,Adair,Beeching,5711306157,abeeching86@constantcontact.com,3415 Crescent Oaks Alley
296,Bekki,Bittlestone,9703944618,bbittlestone87@adobe.com,30701 School Terrace
297,Corny,Batchan,1553908170,cbatchan88@ca.gov,2 Del Sol Crossing
298,Cal,Partner,6388879101,cpartner89@pinterest.com,53 8th Pass
299,Lonni,Gerhardt,6109445903,lgerhardt8a@nbcnews.com,6 Annamark Road
300,Britney,Chowne,9657725424,bchowne8b@miibeian.gov.cn,3 Becker Point
301,Jennine,Oselton,4416815548,joselton8c@walmart.com,91 Tony Place
302,Margarethe,Tarplee,1688748274,mtarplee8d@booking.com,84 Duke Way
303,Jorey,Jerred,8724388633,jjerred8e@salon.com,661 Transport Terrace
304,Sephira,Borgnet,1099029578,sborgnet8f@eventbrite.com,8 Manley Place
305,Hillier,Oylett,6146595405,hoylett8g@cpanel.net,85460 Oak Crossing
306,Erny,Taverner,9973620727,etaverner8h@bizjournals.com,5758 Raven Crossing
307,Georgie,Mepsted,5071956479,gmepsted8i@nsw.gov.au,375 Southridge Parkway
308,Peter,Landrick,3125044930,plandrick8j@walmart.com,85 Rieder Plaza
309,Dunstan,Calderbank,1083120658,dcalderbank8k@ycombinator.com,616 Sage Hill
310,Adeline,Windus,3652754077,awindus8l@vkontakte.ru,20346 Corry Way
311,Faun,Lafford,3633046194,flafford8m@soundcloud.com,93005 Park Meadow Trail
312,Carmelita,Gallelli,8024614708,cgallelli8n@vk.com,74318 Mallory Center
313,Sileas,Forward,3277428453,sforward8o@stanford.edu,15 Brickson Park Avenue
314,Randal,Skilton,4631460447,rskilton8p@skyrock.com,116 Lyons Terrace
315,Egon,Polfer,1869206502,epolfer8q@github.io,08534 Sycamore Pass
316,Kial,Jerrems,3775875536,kjerrems8r@prnewswire.com,6 Transport Plaza
317,Lyda,Filisov,8324916046,lfilisov8s@dell.com,68 Center Lane
318,Vevay,Glenny,2262388860,vglenny8t@lulu.com,9 Vera Center
319,Marielle,Heake,5543602885,mheake8u@slashdot.org,6 Rieder Alley
320,Martainn,Hainey`,7819137322,mhainey8v@ca.gov,7039 Sunnyside Lane
321,Dee dee,Ogglebie,1675935971,dogglebie8w@webeden.co.uk,09 Roxbury Street
322,Carina,Cheson,1247381397,ccheson8x@sogou.com,950 Esker Junction
323,Lewiss,Grindlay,7554126967,lgrindlay8y@wix.com,28880 Cherokee Court
324,Junina,Brimmicombe,2064873113,jbrimmicombe8z@nih.gov,649 Jenna Road
325,Maia,LeEstut,4277415263,mleestut90@ow.ly,84 Moland Park
326,Georgette,Darracott,5352603143,gdarracott91@symantec.com,2 Tennyson Point
327,Letisha,Woodall,2083331370,lwoodall92@friendfeed.com,1630 Mendota Alley
328,Anselma,Oultram,4242803042,aoultram93@goodreads.com,34599 Gina Circle
329,Carola,Caudray,8782854171,ccaudray94@issuu.com,0389 Garrison Plaza
330,Maighdiln,Seebert,6351136334,mseebert95@netscape.com,2696 Dapin Circle
331,Guendolen,Matthews,1408598595,gmatthews96@youku.com,993 Parkside Hill
332,Vickie,Evenden,5354660026,vevenden97@so-net.ne.jp,18 Lindbergh Center
333,Elena,Minchin,5502893020,eminchin98@privacy.gov.au,12 Grover Pass
334,Lila,Sandwick,6573799524,lsandwick99@apple.com,6 Mariners Cove Avenue
335,Wolfy,Juszczak,2777782127,wjuszczak9a@unblog.fr,15043 Coleman Avenue
336,Sheffy,Boutflour,8247079542,sboutflour9b@amazonaws.com,8934 Becker Drive
337,Jorgan,Ockenden,6673209281,jockenden9c@techcrunch.com,70213 Spaight Drive
338,Roseann,Boughton,9866633957,rboughton9d@bluehost.com,48 1st Avenue
339,Kaylee,Woolgar,9501871928,kwoolgar9e@desdev.cn,9 Arkansas Alley
340,Bobette,Keeble,9256856735,bkeeble9f@behance.net,5 Rowland Circle
341,Saundra,Sutty,5188285897,ssutty9g@java.com,27122 Carpenter Lane
342,Stephi,Petri,7165859263,spetri9h@google.cn,9875 Delladonna Park
343,Devora,Bletso,8421729163,dbletso9i@51.la,2692 Lindbergh Terrace
344,Loraine,Fourmy,1184603173,lfourmy9j@netlog.com,6 Mesta Hill
345,Gladi,Haggerwood,5771060356,ghaggerwood9k@ameblo.jp,6169 Fuller Junction
346,Zena,Hagan,6456104831,zhagan9l@gizmodo.com,510 Center Avenue
347,Welbie,Garrett,7045528974,wgarrett9m@wiley.com,656 Beilfuss Place
348,Wylma,Rekes,5129166887,wrekes9n@plala.or.jp,1 Shelley Parkway
349,Tybalt,Jocic,3739609649,tjocic9o@ucoz.ru,1623 Fordem Drive
350,Tedman,Kacheler,1915419011,tkacheler9p@loc.gov,32 Red Cloud Street
351,Elmore,MacKeogh,7754781839,emackeogh9q@printfriendly.com,87453 Service Parkway
352,Donny,Petras,3427900231,dpetras9r@ning.com,82 Clemons Circle
353,Elisabet,Vaux,5276479509,evaux9s@ow.ly,042 Jackson Terrace
354,Rickie,Antliff,1133196014,rantliff9t@dedecms.com,09 Chinook Drive
355,Margit,Delacoste,8552563189,mdelacoste9u@hexun.com,8 Orin Point
356,Donielle,Brightey,4655640332,dbrightey9v@weebly.com,5747 Corscot Hill
357,Reube,Pollington,1871316422,rpollington9w@narod.ru,01736 Esker Junction
358,Barclay,Pleming,8873193917,bpleming9x@netscape.com,11 Veith Alley
359,Harp,Longfoot,1024644619,hlongfoot9y@rediff.com,2849 Morrow Junction
360,Maryellen,Killwick,9883754733,mkillwick9z@fastcompany.com,272 Old Shore Point
361,Alden,Whitley,1768484684,awhitleya0@mozilla.com,9 Burning Wood Lane
362,Irvin,Drinkwater,1538370988,idrinkwatera1@shop-pro.jp,6349 Eagle Crest Parkway
363,Dotty,Vigrass,4678928730,dvigrassa2@example.com,3995 Schurz Center
364,Jordana,Etienne,8797886395,jetiennea3@xinhuanet.com,9 Coleman Junction
365,Honey,Webling,7585919819,hweblinga4@fotki.com,89330 Blue Bill Park Road
366,Albrecht,Concklin,5172532965,aconcklina5@ustream.tv,2882 Petterle Hill
367,Stanley,Locker,6341723160,slockera6@mac.com,96478 Meadow Ridge Hill
368,Amalee,McMackin,7068589008,amcmackina7@unicef.org,02 Gina Parkway
369,Arnie,Chasmor,1297364055,achasmora8@nbcnews.com,5 Canary Place
370,Odele,Upham,1774090596,ouphama9@squidoo.com,51 Tennyson Drive
371,Launce,Schober,1982759129,lschoberaa@de.vu,1306 Meadow Valley Street
372,Judd,Shobbrook,2999259139,jshobbrookab@irs.gov,50419 Carey Trail
373,Vincenz,De Andreis,3283745046,vdeandreisac@who.int,4728 Jay Center
374,Joycelin,Souza,1786739184,jsouzaad@cornell.edu,503 Thierer Junction
375,Antoni,Letixier,2825904152,aletixierae@google.es,195 Charing Cross Junction
376,Riley,Aleksandrov,8681553033,raleksandrovaf@dion.ne.jp,7 Mandrake Court
377,Mel,MacKenzie,2922264010,mmackenzieag@pagesperso-orange.fr,27926 Pond Alley
378,Grange,Attoc,8677556139,gattocah@scientificamerican.com,233 Mesta Plaza
379,Hilde,Bridell,2699099519,hbridellai@bizjournals.com,3 La Follette Drive
380,Jenni,Jindacek,5673709505,jjindacekaj@ucla.edu,703 Paget Crossing
381,Nolie,Burr,4798500999,nburrak@engadget.com,60019 Emmet Road
382,Ginger,Passy,1562266737,gpassyal@un.org,85995 Grim Avenue
383,Temple,Poolton,2471347300,tpooltonam@businesswire.com,95 Hallows Plaza
384,Heddie,Aiston,7672835462,haistonan@disqus.com,9549 Manley Hill
385,Syman,Margrie,8244114568,smargrieao@facebook.com,947 Golf View Junction
386,Kristo,Dionisetti,1389778566,kdionisettiap@epa.gov,7166 Crest Line Circle
387,Cele,Conry,9721518899,cconryaq@dyndns.org,1942 Eastlawn Lane
388,Luce,Mogie,7056981452,lmogiear@qq.com,606 Hudson Lane
389,Cecil,Silvermann,4469905687,csilvermannas@slideshare.net,2 Eggendart Junction
390,Jodi,Commander,7485167785,jcommanderat@csmonitor.com,562 Russell Pass
391,Brittaney,Ceaplen,5552574834,bceaplenau@noaa.gov,134 Corscot Junction
392,Ardeen,Shorton,4684641884,ashortonav@pbs.org,53381 Utah Trail
393,Carmela,Janse,9737451409,cjanseaw@foxnews.com,2 Graceland Way
394,Winfield,Seiter,3526749273,wseiterax@exblog.jp,35 Northfield Street
395,Carl,Lochran,5344140783,clochranay@ehow.com,2 Hollow Ridge Circle
396,Adelle,Matchitt,9124127229,amatchittaz@cbslocal.com,52362 Schlimgen Terrace
397,Cariotta,Lorroway,9486513892,clorrowayb0@aol.com,20 Bellgrove Drive
398,Vilhelmina,Bassford,9969172889,vbassfordb1@army.mil,513 Emmet Drive
399,Danie,Mumford,5503197716,dmumfordb2@tmall.com,81 Mallory Terrace
400,Grady,Wallworke,2519380881,gwallworkeb3@livejournal.com,581 Hoard Lane
401,Ardine,Gaveltone,7769671506,agaveltoneb4@goo.ne.jp,35 Chinook Way
402,Maynord,Luscombe,2194950240,mluscombeb5@soup.io,25 High Crossing Way
403,Llewellyn,Purdie,9527573901,lpurdieb6@berkeley.edu,4502 Manufacturers Circle
404,Murvyn,Shelbourne,2275874822,mshelbourneb7@unc.edu,5 Colorado Park
405,Denyse,Tofanelli,5538091711,dtofanellib8@telegraph.co.uk,47 Randy Circle
406,David,Izkovici,8158304662,dizkovicib9@ucoz.com,867 Armistice Pass
407,Teddie,Lyosik,4929095612,tlyosikba@naver.com,979 Clyde Gallagher Hill
408,Kissie,Armitt,8527689100,karmittbb@phpbb.com,47272 Victoria Lane
409,Sally,Honniebal,8095258978,shonniebalbc@creativecommons.org,61 Grayhawk Point
410,Bibi,Beecroft,6927863546,bbeecroftbd@ifeng.com,11740 Elmside Lane
411,Rustie,Ragbourn,6267913318,rragbournbe@delicious.com,2 Portage Park
412,Nevsa,Tomczykiewicz,8596927858,ntomczykiewiczbf@biblegateway.com,5 Golf Terrace
413,Broddy,Yve,7729576644,byvebg@edublogs.org,061 Burrows Pass
414,Eben,Foster-Smith,2247067743,efostersmithbh@si.edu,8637 Carioca Avenue
415,Shari,Andrioletti,8272802659,sandriolettibi@imageshack.us,57007 Dapin Junction
416,Mill,Jacobsz,2061630435,mjacobszbj@hexun.com,92 Meadow Ridge Plaza
417,Ettie,Coonan,9803729587,ecoonanbk@canalblog.com,518 Toban Drive
418,Cesya,Nannoni,5058324035,cnannonibl@mysql.com,65 Paget Crossing
419,Layney,Readman,8096069582,lreadmanbm@histats.com,9106 Alpine Terrace
420,Vern,Vanyatin,7491044216,vvanyatinbn@fema.gov,3103 Bayside Parkway
421,Merline,Kubala,3476437657,mkubalabo@aol.com,65 Lakewood Gardens Court
422,Norine,Gietz,9184839038,ngietzbp@bravesites.com,75892 Rutledge Terrace
423,Maribeth,Dugood,3736362145,mdugoodbq@soundcloud.com,0955 Springview Circle
424,Wendie,Logsdale,3163298529,wlogsdalebr@slideshare.net,4 Sachtjen Drive
425,Bamby,Petschel,5524415936,bpetschelbs@dagondesign.com,91 Lighthouse Bay Point
426,Tasia,Mingardi,3873557393,tmingardibt@bbc.co.uk,5 Harper Place
427,Olivier,Darinton,3112451858,odarintonbu@tiny.cc,28 Harbort Hill
428,Corena,Vigours,1256196855,cvigoursbv@usa.gov,20671 Loftsgordon Parkway
429,Colver,Beaconsall,2073948243,cbeaconsallbw@howstuffworks.com,926 Mitchell Pass
430,Tiertza,Standall,6035249003,tstandallbx@ning.com,41366 Barnett Parkway
431,Sydney,Domico,8027909346,sdomicoby@salon.com,29711 Acker Place
432,Ruben,Kinder,7024204410,rkinderbz@pbs.org,1 Dorton Crossing
433,Nicole,Millery,7295789072,nmilleryc0@dropbox.com,3 Mendota Junction
434,Lannie,Gracewood,2489998639,lgracewoodc1@biblegateway.com,55881 Delaware Drive
435,Becki,Cribbins,5787083061,bcribbinsc2@digg.com,40310 Bonner Road
436,Sonny,Petric,9527921679,spetricc3@goo.ne.jp,82 Bayside Center
437,Jeana,McKintosh,5794431181,jmckintoshc4@forbes.com,05 Blackbird Park
438,Whitman,Borrows,5351809335,wborrowsc5@imdb.com,7935 Heffernan Center
439,Genovera,Probart,4617588621,gprobartc6@craigslist.org,509 Rigney Avenue
440,Tibold,Atteridge,3487355590,tatteridgec7@marketwatch.com,86 Sunbrook Hill
441,Florentia,Waterfield,5923759174,fwaterfieldc8@altervista.org,90 Mallard Way
442,Mahmoud,Maddox,3359179675,mmaddoxc9@slideshare.net,17830 Continental Lane
443,Rodrick,Milkin,4497489694,rmilkinca@bigcartel.com,74301 Talmadge Street
444,Shawnee,Churches,7092813115,schurchescb@wufoo.com,9 Killdeer Crossing
445,Cherri,MacGettigen,1164833328,cmacgettigencc@newyorker.com,37780 Fordem Crossing
446,Munmro,Kale,1166446107,mkalecd@census.gov,65 Express Circle
447,Valery,Planks,1725512164,vplanksce@networkadvertising.org,045 Linden Lane
448,Constantine,Welbeck,1274477347,cwelbeckcf@sciencedaily.com,864 Spohn Drive
449,Jessica,Glencorse,2615280006,jglencorsecg@blogger.com,447 Trailsway Street
450,Kalinda,Handman,4121095331,khandmanch@discuz.net,75853 Jay Court
451,Daveen,Shepley,8558820464,dshepleyci@canalblog.com,1210 Kingsford Road
452,Nicolina,Comazzo,7858672663,ncomazzocj@seattletimes.com,37416 Fisk Parkway
453,Kenton,Greenroa,3527944444,kgreenroack@elegantthemes.com,3289 Pawling Crossing
454,Gaultiero,Shepherd,7705964076,gshepherdcl@tinyurl.com,621 Bayside Trail
455,Sophronia,Wilcott,1218909832,swilcottcm@si.edu,9170 La Follette Center
456,Keely,Mabee,8575309802,kmabeecn@ucsd.edu,7 Riverside Lane
457,Meghann,Janecek,6041553397,mjanecekco@uiuc.edu,979 Dennis Hill
458,Kordula,Bethune,8399572780,kbethunecp@github.io,997 Drewry Parkway
459,Andria,Penritt,9004859200,apenrittcq@businesswire.com,66641 Browning Place
460,Roz,Hasluck,8534809902,rhasluckcr@multiply.com,44 Towne Street
461,Donn,Miguel,5895616022,dmiguelcs@answers.com,551 Hansons Way
462,Leandra,Mc Grath,9547479436,lmcgrathct@pinterest.com,94 Duke Way
463,Lexi,Barr,4436938105,lbarrcu@lulu.com,4 Bunting Way
464,Trumaine,Durram,9319343673,tdurramcv@cisco.com,53 Northview Crossing
465,Jessa,Hugk,1641464002,jhugkcw@goo.ne.jp,444 Old Gate Center
466,Fey,Michell,6054322187,fmichellcx@msn.com,3 Stang Pass
467,Bret,Goldby,1201040192,bgoldbycy@blogs.com,21929 Toban Place
468,Constantine,Creane,7444081852,ccreanecz@slashdot.org,4 Warbler Court
469,Ernie,Sketcher,5126053833,esketcherd0@wordpress.com,6 Bayside Way
470,Anissa,Debill,8229484209,adebilld1@wix.com,6 Hauk Crossing
471,Logan,Ballantyne,8526185000,lballantyned2@multiply.com,1 Almo Street
472,Sanders,Kilpin,9123374546,skilpind3@npr.org,2 Arkansas Crossing
473,Krishna,Dancer,5929842994,kdancerd4@cbc.ca,502 Waxwing Crossing
474,Auberta,Lipp,4989180513,alippd5@who.int,5150 Northland Lane
475,Edie,Joe,9059996269,ejoed6@marketwatch.com,2980 Homewood Junction
476,Theobald,Romanski,6442943072,tromanskid7@behance.net,498 Surrey Parkway
477,Jory,Launder,7414036886,jlaunderd8@deliciousdays.com,14 Fordem Junction
478,Benny,Sennett,2185694445,bsennettd9@weebly.com,70418 Schmedeman Alley
479,Lindsay,Alejandre,7353926476,lalejandreda@qq.com,48 Westport Avenue
480,Catherin,Cuffe,7032088871,ccuffedb@hao123.com,5 Dunning Parkway
481,Karon,Musprat,3263702352,kmuspratdc@washington.edu,9815 Homewood Way
482,Cordy,Sherreard,3512505970,csherrearddd@squarespace.com,202 Golf View Trail
483,Boot,MacFayden,7945249084,bmacfaydende@google.de,01 Armistice Place
484,Tate,Fynan,8811055180,tfynandf@samsung.com,4806 Nova Junction
485,Bambi,Gillingwater,8369042276,bgillingwaterdg@hubpages.com,9249 Novick Crossing
486,Mart,Moon,7292689200,mmoondh@umich.edu,62 Miller Hill
487,Onfroi,Toolin,5809286548,otoolindi@4shared.com,40612 Northfield Way
488,Sasha,Trustrie,2337242845,strustriedj@a8.net,09019 Brickson Park Trail
489,Barron,Le Grys,6269889687,blegrysdk@yolasite.com,06 7th Lane
490,Archibald,McEnery,5554264509,amcenerydl@forbes.com,2 Alpine Court
491,Carola,Shoppee,3478855638,cshoppeedm@dion.ne.jp,94008 Mcbride Avenue
492,Kinna,Stimson,5239987713,kstimsondn@aboutads.info,4216 Victoria Avenue
493,Florie,O'Malley,5206976887,fomalleydo@blogs.com,724 Basil Place
494,Elke,Smelley,4616439311,esmelleydp@a8.net,6985 Vidon Street
495,Marlon,Davidi,9103768999,mdavididq@wsj.com,77188 Garrison Hill
496,Dag,Badrick,8863940845,dbadrickdr@google.co.uk,14301 2nd Road
497,Bunny,Haycraft,2668102884,bhaycraftds@typepad.com,599 Farwell Court
498,Perrine,Sisland,4717911924,psislanddt@qq.com,86 Mayer Court
499,Putnem,McIlmurray,3675628961,pmcilmurraydu@gov.uk,02479 Roth Terrace
500,Lonnard,Duffell,8872559811,lduffelldv@artisteer.com,319 Ridgeway Hill
501,Alic,Bohin,2387098767,abohindw@mtv.com,16 Meadow Vale Plaza
502,Audry,Parr,4221397323,aparrdx@wikia.com,2336 Stephen Court
503,Charmain,Kennally,8143075257,ckennallydy@example.com,50203 Cherokee Pass
504,Myrna,Boot,2993623028,mbootdz@gmpg.org,81 Meadow Vale Avenue
505,Blair,Bartoletti,9145802919,bbartolettie0@google.com.au,8583 Shopko Street
506,Geno,Maxsted,7475871839,gmaxstede1@wikia.com,83 Larry Parkway
507,Marleen,McSharry,6209419508,mmcsharrye2@cpanel.net,427 Mariners Cove Circle
508,Boycie,Humbell,6374270716,bhumbelle3@zdnet.com,1 Rusk Hill
509,Mirabella,Mellmoth,5444301216,mmellmothe4@pcworld.com,26882 Waywood Plaza
510,Royce,Seer,4449694378,rseere5@cbslocal.com,2 Lakewood Avenue
511,Tersina,Doerren,9797644719,tdoerrene6@ycombinator.com,7112 Victoria Parkway
512,Brien,McGraith,4402024875,bmcgraithe7@wikimedia.org,25 Dwight Lane
513,Randee,Clarae,1364420004,rclaraee8@miibeian.gov.cn,7 Ruskin Road
514,Chere,Gration,6386575653,cgratione9@nhs.uk,43098 Welch Hill
515,Gallagher,McGrail,5941021342,gmcgrailea@timesonline.co.uk,4 Dawn Center
516,Abrahan,Athersmith,1169493458,aathersmitheb@examiner.com,1908 Linden Point
517,Parsifal,Elleton,1804865191,pelletonec@sakura.ne.jp,0 Porter Junction
518,Norby,Wellum,7129471473,nwellumed@baidu.com,7974 La Follette Crossing
519,Gasparo,Smardon,6495629187,gsmardonee@sitemeter.com,4 Novick Drive
520,Borden,Anfrey,1883542872,banfreyef@reverbnation.com,5284 Packers Park
521,Kingston,MacKniely,6494181407,kmacknielyeg@geocities.com,72051 Towne Center
522,Alphonse,Trill,2778905526,atrilleh@nature.com,98 Eastlawn Center
523,Kendra,Tapp,4105470024,ktappei@indiatimes.com,76905 Dorton Crossing
524,Esther,Giacoboni,2924415958,egiacoboniej@pcworld.com,75451 Carberry Alley
525,Anica,Addess,9012263521,aaddessek@tripadvisor.com,6 Troy Pass
526,Lorna,Arnaudi,1329773955,larnaudiel@bigcartel.com,5192 Carpenter Center
527,Temple,Raimbauld,5082844529,traimbauldem@jiathis.com,0 Maple Wood Crossing
528,Donnamarie,Cabral,7624778324,dcabralen@mashable.com,92 Schlimgen Terrace
529,Dedra,Base,1518643361,dbaseeo@stumbleupon.com,605 Oxford Court
530,Staford,Rowledge,1963284580,srowledgeep@people.com.cn,7 Lukken Drive
531,Minny,Naire,7549887795,mnaireeq@i2i.jp,050 Buell Junction
532,Constantine,Gribble,8791744543,cgribbleer@upenn.edu,280 Lien Parkway
533,Fonzie,Spark,7316060059,fsparkes@wikipedia.org,1 Anniversary Lane
534,Orlando,Errington,2646428410,oerringtonet@washington.edu,1 Ilene Parkway
535,Chrissie,Folan,4188149120,cfolaneu@cpanel.net,46 Schurz Avenue
536,Petey,Hockey,7941703297,phockeyev@liveinternet.ru,07355 Bashford Circle
537,Edie,Bau,8559517427,ebauew@psu.edu,340 Moose Drive
538,Vassily,Spofford,5991257730,vspoffordex@oracle.com,1 Cordelia Hill
539,Bobbette,Belle,2857314455,bbelleey@wikipedia.org,75 Ilene Center
540,Cory,Anand,2369108091,canandez@archive.org,77133 Larry Hill
541,Bertrand,Kinsella,6478670730,bkinsellaf0@abc.net.au,4 Rieder Parkway
542,Joell,Rushbrook,6483591473,jrushbrookf1@flavors.me,890 Mayfield Point
543,Lotte,Clemmitt,1765855213,lclemmittf2@seesaa.net,309 Portage Trail
544,Giffard,Crocetto,9151885924,gcrocettof3@cpanel.net,2255 Tennessee Trail
545,Magdaia,Briztman,4707996234,mbriztmanf4@ebay.com,25028 Sloan Trail
546,Percy,Cavie,7761860885,pcavief5@cocolog-nifty.com,862 Dunning Crossing
547,Tanhya,Newport,4677932366,tnewportf6@amazonaws.com,1 Jenifer Park
548,Ward,Toombes,8747131539,wtoombesf7@netvibes.com,0 Jenna Junction
549,Cornelia,Mulcock,2211582318,cmulcockf8@eepurl.com,455 Pennsylvania Plaza
550,Bellina,Leaman,6179114644,bleamanf9@1und1.de,52446 Elgar Terrace
551,Laurette,Marchetti,9503250990,lmarchettifa@state.gov,9 Canary Parkway
552,Annalee,Phythean,1145994693,aphytheanfb@opensource.org,19802 Welch Junction
553,Marillin,Aldwich,3316134239,maldwichfc@mac.com,711 Prairieview Alley
554,Gayler,Pinkney,7094370185,gpinkneyfd@usda.gov,36898 Becker Park
555,Ferris,Lamburn,3076166841,flamburnfe@sina.com.cn,1 Anhalt Point
556,Terrill,Jankowski,7422995126,tjankowskiff@seesaa.net,4563 Comanche Point
557,Karlan,Rajchert,2477505794,krajchertfg@cpanel.net,8933 Drewry Point
558,Tarah,Josse,7167053420,tjossefh@ed.gov,409 International Terrace
559,Ruth,Treffry,1482629439,rtreffryfi@samsung.com,785 Glacier Hill Center
560,Roxane,Courtes,9285542404,rcourtesfj@java.com,99 Sunnyside Point
561,Darill,Hackin,5516716224,dhackinfk@amazon.com,44854 Declaration Point
562,Dar,Sharratt,4079041863,dsharrattfl@edublogs.org,655 Roxbury Circle
563,Fleurette,Grosvenor,6612070816,fgrosvenorfm@latimes.com,59043 Birchwood Junction
564,Shepard,Riddell,7807232526,sriddellfn@furl.net,42570 Hollow Ridge Circle
565,Gillie,Fishenden,1155786785,gfishendenfo@nature.com,47451 Duke Court
566,Farra,Borsnall,7619000869,fborsnallfp@bloglines.com,58551 Moland Plaza
567,Hymie,Woodwin,7005111203,hwoodwinfq@freewebs.com,8 Springs Road
568,Urban,Bonin,7113339510,uboninfr@upenn.edu,34588 Bobwhite Street
569,Victoir,Yegorkov,3443892353,vyegorkovfs@nature.com,57404 Hayes Point
570,Cyrillus,Satcher,2404178513,csatcherft@imdb.com,748 Doe Crossing Point
571,Kris,Rubroe,2998957587,krubroefu@naver.com,28 American Ash Center
572,Torr,Abbe,4035668200,tabbefv@fc2.com,652 Drewry Road
573,Domeniga,Iuorio,6376142414,diuoriofw@tumblr.com,66533 4th Crossing
574,Archambault,Beldom,2753853972,abeldomfx@parallels.com,801 Marcy Way
575,Marylin,Ivancevic,6023388753,mivancevicfy@rakuten.co.jp,56090 Iowa Center
576,Connor,Verner,2744449504,cvernerfz@youtu.be,6 Evergreen Lane
577,Adrien,Treffrey,9684967698,atreffreyg0@salon.com,83689 Carpenter Street
578,Adrea,Verlinden,3309092777,averlindeng1@deliciousdays.com,31970 Welch Circle
579,Marlow,Silverston,8231436951,msilverstong2@1und1.de,29 Southridge Alley
580,Hedda,Blofeld,5608418415,hblofeldg3@chron.com,924 Arrowood Way
581,Salomo,Ridler,4183854440,sridlerg4@canalblog.com,26 1st Court
582,Sally,Coughan,9919239108,scoughang5@joomla.org,70 Hanover Way
583,Gladi,Pien,4692471656,gpieng6@techcrunch.com,9390 Maple Trail
584,Timmy,Woodland,6651234785,twoodlandg7@java.com,02 Lakewood Gardens Road
585,Minna,Wintringham,1741920275,mwintringhamg8@cbslocal.com,7 Milwaukee Road
586,Alayne,Kinder,5217979585,akinderg9@drupal.org,5375 Iowa Plaza
587,Jane,Dibsdale,2836872009,jdibsdalega@list-manage.com,17 Hauk Road
588,Jacquelyn,Chittie,9615563645,jchittiegb@umn.edu,8363 Nobel Trail
589,Cacilie,Blackler,6071172388,cblacklergc@naver.com,65 Kinsman Park
590,Marjy,Dowles,7427863610,mdowlesgd@qq.com,6554 Aberg Hill
591,Geralda,Forsey,9929347441,gforseyge@qq.com,7 Mariners Cove Way
592,Meghan,Spatarul,2711521306,mspatarulgf@nps.gov,290 Bay Trail
593,Baxie,Jentges,9844976843,bjentgesgg@spiegel.de,11 Clemons Pass
594,Edward,Lodden,3576395433,eloddengh@whitehouse.gov,4582 Bluejay Hill
595,Kenyon,Dreakin,1565613695,kdreakingi@google.com.au,957 Mitchell Way
596,Yance,Jordi,6174589545,yjordigj@ocn.ne.jp,59 East Park
597,Sarge,Orneles,8948732727,sornelesgk@princeton.edu,8212 David Trail
598,Thebault,Sutter,3446484590,tsuttergl@printfriendly.com,236 Carpenter Place
599,Pall,Baythrop,2248207901,pbaythropgm@opensource.org,63 Arkansas Trail
600,Mead,Benne,3003975806,mbennegn@topsy.com,85 Coolidge Road
601,Gladi,Areles,5122954874,garelesgo@google.co.uk,72808 Hovde Pass
602,Honey,Kettell,3036695115,hkettellgp@techcrunch.com,84856 Hagan Way
603,Mike,Rawstron,3838653938,mrawstrongq@webs.com,5597 La Follette Road
604,Hendrika,Le Floch,4685753158,hleflochgr@joomla.org,88492 Jenna Park
605,Julieta,Guite,4522555762,jguitegs@irs.gov,6098 Boyd Park
606,Tiffani,Stennine,6993356445,tstenninegt@hexun.com,3 Crownhardt Center
607,Muire,Marrington,6059866613,mmarringtongu@mashable.com,448 Hoepker Center
608,Delaney,Pankethman,6462242382,dpankethmangv@yelp.com,253 School Park
609,Maynord,Bloom,4497017497,mbloomgw@zimbio.com,265 Nova Way
610,Kacey,Van Velden,7682194953,kvanveldengx@answers.com,1 Kennedy Way
611,Mirilla,Addeycott,3971573566,maddeycottgy@biblegateway.com,716 Riverside Hill
612,Hakim,Curphey,1588015971,hcurpheygz@merriam-webster.com,161 Village Drive
613,Reginauld,Dubock,6692098456,rdubockh0@dailymotion.com,74 Graceland Street
614,Adrian,Fossey,2807938823,afosseyh1@statcounter.com,5 Dovetail Hill
615,Ronda,Danilowicz,6456306673,rdanilowiczh2@netlog.com,45 Gina Junction
616,Sibylla,Perle,3545196167,sperleh3@sciencedirect.com,49 Hansons Avenue
617,Patsy,Baggally,2245128535,pbaggallyh4@wordpress.com,09631 Tomscot Pass
618,Barry,Wiersma,7309105416,bwiersmah5@netvibes.com,09153 Granby Crossing
619,Llywellyn,Bielefeld,6834280505,lbielefeldh6@ftc.gov,69224 Fremont Court
620,Britney,Ponde,5483168429,bpondeh7@vimeo.com,43920 Bunting Way
621,Meade,Coase,2839335475,mcoaseh8@netvibes.com,9 Claremont Street
622,Nat,Teek,2335717158,nteekh9@un.org,0 Homewood Hill
623,Harmonia,Reaney,2752189671,hreaneyha@eventbrite.com,591 Kinsman Drive
624,Brynne,Ingman,6367193030,bingmanhb@census.gov,039 Grayhawk Way
625,Gaynor,Truggian,1348199836,gtruggianhc@tiny.cc,57474 Debra Parkway
626,Willow,Topley,9063232232,wtopleyhd@godaddy.com,00 Lyons Junction
627,Devin,Gerhardt,4343992425,dgerhardthe@mayoclinic.com,996 Macpherson Road
628,Archer,January,2258088160,ajanuaryhf@google.ru,5 Burning Wood Pass
629,Edlin,Pengelley,6181766126,epengelleyhg@washingtonpost.com,6 Dexter Street
630,Morse,Overill,3145391799,moverillhh@cocolog-nifty.com,916 Debra Trail
631,Dyana,Maulden,6386532965,dmauldenhi@1und1.de,90781 Prairie Rose Pass
632,Pepito,Dowda,4393842657,pdowdahj@digg.com,196 Bunting Plaza
633,Alice,Kiffe,4936346035,akiffehk@xrea.com,0755 John Wall Plaza
634,Iver,Stetson,8175260726,istetsonhl@theguardian.com,249 1st Lane
635,Christyna,Tytherton,6363822190,ctythertonhm@nyu.edu,9 High Crossing Trail
636,Yule,MacMaykin,3059652054,ymacmaykinhn@mysql.com,1332 Mandrake Place
637,Kelvin,Swadden,4413171512,kswaddenho@sina.com.cn,356 Dovetail Way
638,Adrea,Barenskie,9761254011,abarenskiehp@moonfruit.com,65 Monica Park
639,Danyette,Stoner,2032966340,dstonerhq@chicagotribune.com,47756 Laurel Circle
640,Edlin,Beentjes,8721250620,ebeentjeshr@mozilla.com,2411 Acker Lane
641,Clarey,Clemerson,8597271761,cclemersonhs@exblog.jp,19 Prairieview Park
642,Dacie,Jime,9758696480,djimeht@joomla.org,90507 Moose Hill
643,Shaine,Ferruzzi,8444237373,sferruzzihu@rakuten.co.jp,00245 Russell Court
644,Glynn,Rangle,4901049495,granglehv@webs.com,767 Eagan Way
645,Blake,Hardway,5269270267,bhardwayhw@com.com,42 Alpine Terrace
646,Chane,Argent,1825464895,cargenthx@quantcast.com,4 Oakridge Trail
647,Clementina,Robroe,1157705595,crobroehy@ovh.net,609 Northfield Pass
648,Garvey,Balf,3844947594,gbalfhz@mashable.com,8 Longview Drive
649,Idaline,Beddin,1316313632,ibeddini0@telegraph.co.uk,64395 Spaight Circle
650,Layne,Allso,3307922736,lallsoi1@amazon.co.uk,3656 Lakeland Drive
651,Maxim,Reinhardt,7515784226,mreinhardti2@hud.gov,73 Anniversary Place
652,Kelsey,Branston,4538912632,kbranstoni3@businesswire.com,6 Michigan Hill
653,Rowland,Ceccoli,5415597899,rceccolii4@chron.com,592 Starling Avenue
654,Morlee,Aucoate,4813210963,maucoatei5@fotki.com,07192 Donald Road
655,Gertrudis,Leathers,4096883088,gleathersi6@reuters.com,98690 Farmco Junction
656,Johnath,Drakeford,5465664011,jdrakefordi7@liveinternet.ru,717 Maywood Lane
657,Melba,Walsh,1169568976,mwalshi8@mit.edu,157 7th Center
658,Meredeth,Cosby,7583379651,mcosbyi9@twitpic.com,35694 Meadow Vale Road
659,Free,Kerrich,7896250240,fkerrichia@kickstarter.com,0 Coleman Junction
660,Dasha,Woolaghan,7579573810,dwoolaghanib@wired.com,14410 Dixon Street
661,Donall,Reihill,7567567239,dreihillic@sbwire.com,4142 Fairfield Center
662,Brunhilde,Pratton,4074134485,bprattonid@mtv.com,858 Hanson Alley
663,Roderigo,Maingot,6383187570,rmaingotie@dropbox.com,6871 Ridge Oak Parkway
664,Brigitta,Crummy,8068579367,bcrummyif@ucla.edu,107 High Crossing Hill
665,Edithe,Buye,5437922688,ebuyeig@discovery.com,0 Maryland Trail
666,Valerye,Huckfield,3877972918,vhuckfieldih@mit.edu,70 Cherokee Plaza
667,Denver,Gallego,3753551110,dgallegoii@earthlink.net,55 Mandrake Hill
668,Chevalier,Rean,2365250590,creanij@163.com,3654 4th Circle
669,Clevie,Blakely,8795703024,cblakelyik@umich.edu,42770 Sherman Lane
670,Tawsha,Ravenscraft,4973501101,travenscraftil@gov.uk,3320 Di Loreto Road
671,Delinda,Gullberg,1623445744,dgullbergim@biblegateway.com,199 Pearson Alley
672,Alica,Naris,9707072994,anarisin@webnode.com,64 Oak Valley Park
673,Rafferty,Rosso,9048227462,rrossoio@bandcamp.com,8 Sutherland Crossing
674,Beatrisa,Oldmeadow,4944657680,boldmeadowip@about.me,467 Acker Parkway
675,Harmonia,Timlin,4906887254,htimliniq@ow.ly,11241 Harbort Junction
676,Amanda,Croxall,1738556465,acroxallir@samsung.com,228 Montana Way
677,Alie,Kenwrick,6029369767,akenwrickis@merriam-webster.com,40 Lawn Avenue
678,Roosevelt,Adderson,6405956128,raddersonit@cnbc.com,9 Muir Parkway
679,Aloysius,Greg,8284330425,agregiu@mit.edu,49257 Marcy Point
680,Blair,Birk,4846195389,bbirkiv@sphinn.com,897 Manitowish Alley
681,Cele,Lackington,3052210083,clackingtoniw@europa.eu,9 Rockefeller Junction
682,Keely,Scrowson,9173600352,kscrowsonix@ebay.co.uk,5466 Delladonna Center
683,Pamelina,Kingaby,6396558004,pkingabyiy@dyndns.org,57303 Pond Trail
684,Meriel,Edgeson,7994820072,medgesoniz@angelfire.com,30805 Dakota Avenue
685,Helga,Arnet,3557866581,harnetj0@constantcontact.com,7996 Petterle Terrace
686,Minda,Yakovitch,7942216989,myakovitchj1@vistaprint.com,340 Clarendon Circle
687,Jocelin,Shuxsmith,1537187959,jshuxsmithj2@fotki.com,6 Red Cloud Park
688,Korey,Bownes,9706352426,kbownesj3@uiuc.edu,6769 Darwin Hill
689,Amalie,Krzyzaniak,8555556953,akrzyzaniakj4@phpbb.com,32 Homewood Street
690,Lucita,Everex,6771017046,leverexj5@arstechnica.com,2960 Waxwing Court
691,Evered,Seeman,3156571024,eseemanj6@slate.com,28206 Novick Court
692,Braden,Borgesio,5622934309,bborgesioj7@ox.ac.uk,143 Sunnyside Parkway
693,Jobi,Medhurst,8368497873,jmedhurstj8@google.com,7099 Ramsey Court
694,Rosanne,Stiger,6201269329,rstigerj9@skyrock.com,835 Messerschmidt Plaza
695,Nan,Cullerne,2496054302,ncullerneja@oracle.com,69 Sherman Court
696,Ruby,Duffan,4592691068,rduffanjb@seattletimes.com,28 Longview Drive
697,Jessey,Errey,7672396425,jerreyjc@youku.com,0301 Pine View Court
698,Kendal,Elacoate,2974218000,kelacoatejd@eepurl.com,20319 Dunning Place
699,Brander,Yersin,4202514645,byersinje@dedecms.com,88496 Redwing Lane
700,Moll,Clingoe,3688769699,mclingoejf@va.gov,64 Monica Street
701,Daloris,Balleine,7252250933,dballeinejg@cbsnews.com,554 Sutherland Way
702,Cathlene,Sowley,5784433545,csowleyjh@skyrock.com,2158 Beilfuss Junction
703,Sisely,Bambra,5228510429,sbambraji@cam.ac.uk,01 Grim Plaza
704,Loise,Eales,3872265357,lealesjj@google.de,45903 Forster Terrace
705,Adriaens,Filippello,5867136660,afilippellojk@adobe.com,2831 Westport Court
706,Minetta,Fields,3435884018,mfieldsjl@cmu.edu,4 Oriole Alley
707,Tilly,Schuricht,7782806781,tschurichtjm@surveymonkey.com,85826 Anderson Alley
708,Dale,Luggar,9337275924,dluggarjn@tumblr.com,083 Muir Pass
709,Bambie,Cudde,4395156263,bcuddejo@elpais.com,82 Veith Crossing
710,Jocelyne,Haspineall,9526970802,jhaspinealljp@seattletimes.com,94 Fairview Circle
711,Korrie,Durrant,4518680590,kdurrantjq@japanpost.jp,0211 Hintze Point
712,Mirella,Cowper,4532653628,mcowperjr@parallels.com,73 Carberry Road
713,Halie,Jeanet,1704388235,hjeanetjs@ucoz.com,840 Duke Alley
714,Alfy,Kuhne,2604743248,akuhnejt@reverbnation.com,4 Crownhardt Pass
715,Nissa,Burburough,5517905293,nburburoughju@shop-pro.jp,92969 Lakewood Trail
716,Alissa,Attarge,3841654630,aattargejv@reverbnation.com,5 Farmco Avenue
717,Danny,Clemmens,4634185427,dclemmensjw@blogtalkradio.com,7 Dryden Circle
718,Joey,Lillistone,5227277955,jlillistonejx@live.com,74232 Manley Road
719,Shelly,Laflin,7453142866,slaflinjy@miitbeian.gov.cn,7833 Hoffman Parkway
720,Afton,Gregg,1972693651,agreggjz@tripod.com,30 Harper Avenue
721,Meredithe,Segebrecht,9874343063,msegebrechtk0@hp.com,23 Amoth Terrace
722,Vaughn,Ellingford,8597926443,vellingfordk1@nationalgeographic.com,777 Briar Crest Alley
723,Ferguson,Loker,1381442660,flokerk2@mysql.com,3 Hauk Lane
724,Thurston,Vosper,1639204825,tvosperk3@gravatar.com,25 Bowman Pass
725,Kassey,Mapis,4834656936,kmapisk4@gnu.org,20038 Packers Court
726,Katy,Poppleton,7872770990,kpoppletonk5@blogspot.com,6438 Moulton Plaza
727,Manny,Matteris,7067172192,mmatterisk6@pbs.org,00328 Oak Valley Terrace
728,Sissie,Flounders,8218135151,sfloundersk7@stumbleupon.com,56 Ohio Junction
729,Cristobal,Ornils,9536712845,cornilsk8@feedburner.com,443 Green Ridge Way
730,Darsie,Ropp,8098989935,droppk9@theglobeandmail.com,02 Glendale Street
731,Del,Shilburne,9349715558,dshilburneka@cargocollective.com,6 Troy Circle
732,Olin,Sowerby,2119599160,osowerbykb@home.pl,56 Moland Road
733,Dur,Francke,2062760629,dfranckekc@over-blog.com,615 Sunfield Pass
734,Godwin,Krabbe,7743265310,gkrabbekd@twitter.com,55188 Springview Way
735,Bill,Belshaw,6812942742,bbelshawke@csmonitor.com,63 Dottie Pass
736,Elyssa,Glassford,9122991133,eglassfordkf@dell.com,4740 Chive Park
737,Lydie,Rubbens,6063268302,lrubbenskg@ezinearticles.com,601 Heath Park
738,Odele,Pippard,9247873664,opippardkh@cnet.com,0364 Orin Trail
739,Emmalynn,Likely,6396566045,elikelyki@answers.com,24 Steensland Crossing
740,Dix,Genese,8697692361,dgenesekj@bbb.org,7 Schurz Parkway
741,Vyky,Byway,5267943037,vbywaykk@tripod.com,807 Arapahoe Center
742,Essy,Vernazza,8153076740,evernazzakl@ca.gov,7224 Killdeer Center
743,Georgie,Graeser,6069394507,ggraeserkm@vistaprint.com,6115 Menomonie Terrace
744,Celinka,Batchelor,6319354977,cbatchelorkn@people.com.cn,4 Summer Ridge Trail
745,Clair,Deare,3562715736,cdeareko@godaddy.com,5 Springs Junction
746,Kassi,Mudge,1511938392,kmudgekp@ft.com,51 Morning Street
747,Hewet,Glasgow,3584180767,hglasgowkq@surveymonkey.com,82 Dwight Terrace
748,Nessa,Ferschke,7488692272,nferschkekr@fotki.com,1023 Dahle Pass
749,Noelle,Siverns,1396520963,nsivernsks@shinystat.com,9380 Westerfield Circle
750,Gavan,Schriren,4966345529,gschrirenkt@cocolog-nifty.com,039 Magdeline Parkway
751,Annissa,Lloyds,4954648302,alloydsku@bing.com,78299 Rigney Junction
752,Lesya,Ainger,1824660668,laingerkv@desdev.cn,9825 Mallory Way
753,Louis,Pideon,6303014060,lpideonkw@whitehouse.gov,0 Bartelt Center
754,Carena,Jansie,9048926556,cjansiekx@wikimedia.org,96 Grover Circle
755,Ricard,Ingyon,2985151955,ringyonky@walmart.com,8063 Armistice Terrace
756,Reynolds,Courteney,6624908796,rcourteneykz@accuweather.com,2788 Mccormick Alley
757,Maible,Bakhrushin,9537228437,mbakhrushinl0@google.co.jp,4 Reindahl Parkway
758,Ferdinande,Abramino,3303245793,fabraminol1@mtv.com,823 Transport Lane
759,Glyn,Daughtrey,6721658949,gdaughtreyl2@archive.org,72 Surrey Junction
760,Ozzie,Tuffs,9392039052,otuffsl3@epa.gov,0266 American Circle
761,Engelbert,Ritzman,4763864078,eritzmanl4@telegraph.co.uk,0 Anthes Hill
762,Dorice,Canniffe,7098157300,dcanniffel5@webeden.co.uk,167 Sullivan Junction
763,Kareem,Bartkowiak,1883733303,kbartkowiakl6@so-net.ne.jp,7084 Crest Line Park
764,Pam,Waudby,7084207139,pwaudbyl7@sciencedaily.com,032 Acker Circle
765,Leone,Kochel,8207999510,lkochell8@omniture.com,54828 Schlimgen Plaza
766,Stacy,Benedicto,2659469231,sbenedictol9@tumblr.com,04963 Schiller Street
767,Gilli,Bathow,7168526227,gbathowla@businessweek.com,855 Old Shore Point
768,Chiarra,Howden,8525093543,chowdenlb@reddit.com,93130 Clyde Gallagher Crossing
769,Verine,Feehely,3185814579,vfeehelylc@ted.com,81 La Follette Hill
770,Rennie,Korneluk,2865785243,rkornelukld@smugmug.com,3066 Huxley Center
771,Ludvig,Realy,4675915937,lrealyle@nsw.gov.au,9 Dawn Avenue
772,Bond,Leynton,7641245410,bleyntonlf@nyu.edu,3750 Cambridge Terrace
773,Damara,Dike,9416321119,ddikelg@lulu.com,5879 Thompson Pass
774,Jehanna,Sorey,1403779503,jsoreylh@hibu.com,77 Beilfuss Junction
775,Siegfried,Notman,1964770154,snotmanli@examiner.com,2070 Village Green Alley
776,Scarface,Dominico,2828090058,sdominicolj@exblog.jp,130 Brentwood Lane
777,Else,Hannen,6702113607,ehannenlk@nhs.uk,908 Banding Crossing
778,Antonio,Arnolds,3099067899,aarnoldsll@unblog.fr,9 Hoard Parkway
779,Irv,Libbe,5433821623,ilibbelm@goo.ne.jp,08 Thackeray Street
780,Bill,Webberley,8397703626,bwebberleyln@paypal.com,12 Florence Trail
781,Bret,Oakenfield,8145815830,boakenfieldlo@icq.com,2 Heath Parkway
782,Eden,Perotti,6369881461,eperottilp@amazonaws.com,11 Troy Lane
783,Maggy,Snoding,3929424501,msnodinglq@a8.net,46328 Arkansas Junction
784,Rona,Sharp,2263489647,rsharplr@mac.com,47 Autumn Leaf Park
785,Matthew,Le Friec,1189055332,mlefriecls@apple.com,466 Farwell Junction
786,Ted,Bellhanger,2544854561,tbellhangerlt@stanford.edu,5 Clemons Road
787,Rutherford,Christauffour,2593273563,rchristauffourlu@purevolume.com,84 Buell Plaza
788,Mal,Risbridge,3399384319,mrisbridgelv@nih.gov,0 Merrick Circle
789,Madel,Cammocke,4886731612,mcammockelw@i2i.jp,943 Ridge Oak Way
790,Jacynth,Henze,4087743667,jhenzelx@dagondesign.com,47794 Michigan Drive
791,Tiler,Bernhardi,9719888014,tbernhardily@xinhuanet.com,93979 Linden Lane
792,Jorry,O' Markey,5832007134,jomarkeylz@prweb.com,4439 Stuart Parkway
793,Nil,Liddell,4291354248,nliddellm0@pagesperso-orange.fr,49256 Harbort Lane
794,Lisa,McKearnen,3234029556,lmckearnenm1@ed.gov,79585 Old Shore Plaza
795,Cortney,Thrush,3392670453,cthrushm2@ucla.edu,6 Alpine Alley
796,Horst,Mallabone,5348819308,hmallabonem3@ca.gov,74985 Golf Hill
797,Florenza,Horbath,6596641103,fhorbathm4@adobe.com,90419 Jana Center
798,Alva,Tschiersch,7307220081,atschierschm5@smh.com.au,042 Forster Road
799,Lem,Carbin,9158077251,lcarbinm6@oaic.gov.au,7043 Hoard Terrace
800,Francisco,Loweth,5621397966,flowethm7@tripadvisor.com,6333 Trailsway Place
801,Ingamar,Oleksinski,8136978338,ioleksinskim8@about.me,67910 Morrow Trail
802,Trevor,Gentreau,8799309504,tgentreaum9@wisc.edu,2257 Londonderry Park
803,Ezequiel,Boadby,8776429662,eboadbyma@nytimes.com,4029 Nova Road
804,Dalenna,Strickler,1094189453,dstricklermb@umich.edu,59 Declaration Hill
805,Turner,Dimitrescu,2284694998,tdimitrescumc@eepurl.com,8129 North Street
806,Denver,Goldsbrough,1535357379,dgoldsbroughmd@bloomberg.com,5576 Artisan Center
807,Marysa,Langhorne,9224309498,mlanghorneme@ifeng.com,79777 Bultman Trail
808,Gunar,Baldelli,2342485530,gbaldellimf@hao123.com,963 Roth Avenue
809,Neely,De Ruggero,6242744341,nderuggeromg@house.gov,3 Doe Crossing Terrace
810,Kordula,Reagan,5879552815,kreaganmh@quantcast.com,51263 Carberry Hill
811,Merle,McNeely,2556737138,mmcneelymi@typepad.com,4533 Sloan Way
812,Karie,Matzke,6275980992,kmatzkemj@ftc.gov,9 Upham Junction
813,Bernadette,Dodge,7703581993,bdodgemk@dyndns.org,00 Sugar Crossing
814,Rasla,Spolton,5877214502,rspoltonml@cargocollective.com,6151 Lawn Drive
815,Stinky,Heddon,9171400266,sheddonmm@google.ru,10497 Dayton Lane
816,Kahaleel,Artinstall,4783429879,kartinstallmn@mozilla.org,3 Brown Road
817,Amalie,Sprake,6205454857,asprakemo@senate.gov,455 Kinsman Alley
818,Michaella,Gosden,8421570495,mgosdenmp@photobucket.com,44040 Burrows Alley
819,Carlin,Deware,5228724167,cdewaremq@sciencedirect.com,64 Moland Plaza
820,Rosanna,Rayment,4316113572,rraymentmr@opera.com,9 Crescent Oaks Trail
821,Kary,De la Yglesia,9682806688,kdelayglesiams@mapquest.com,044 8th Point
822,Selie,Ledington,9291013850,sledingtonmt@yelp.com,26 Dovetail Park
823,Rafi,Tossell,2935817999,rtossellmu@redcross.org,4289 Eastlawn Lane
824,Clemente,O'Neal,9319630806,conealmv@clickbank.net,7 Messerschmidt Terrace
825,Anselma,Rubinowitz,7026328638,arubinowitzmw@newyorker.com,867 Crowley Avenue
826,Patty,Lampel,7497452383,plampelmx@topsy.com,1 Bayside Point
827,Gretel,Lawleff,5136256689,glawleffmy@soup.io,7 Lillian Crossing
828,Dinny,Swanwick,7432818535,dswanwickmz@usda.gov,70483 Wayridge Plaza
829,Willi,Tomicki,6854234224,wtomickin0@europa.eu,7 Pine View Parkway
830,Celia,Salmen,7146687625,csalmenn1@wp.com,05 Shelley Place
831,Patric,Crowe,4784646131,pcrowen2@adobe.com,735 Ruskin Point
832,Simona,Standrin,8627181952,sstandrinn3@hubpages.com,19 Di Loreto Road
833,Joycelin,Deeley,8136020088,jdeeleyn4@printfriendly.com,408 Katie Alley
834,Vivianne,Crawley,4581823322,vcrawleyn5@alexa.com,66533 Eastlawn Hill
835,Menard,McCarrison,1109851731,mmccarrisonn6@alexa.com,24387 Washington Plaza
836,Cob,Abate,8318647975,cabaten7@abc.net.au,430 Birchwood Plaza
837,Pammi,Julyan,7666452086,pjulyann8@reverbnation.com,4152 Wayridge Alley
838,Curry,Medling,2057087493,cmedlingn9@netscape.com,24 Maple Wood Junction
839,Eli,Rockall,4806395857,erockallna@paypal.com,399 Stephen Plaza
840,Kahaleel,Rushe,3122198633,krushenb@house.gov,6424 Merrick Street
841,Johan,Thackeray,2356659755,jthackeraync@soundcloud.com,55084 Warbler Pass
842,Riki,Jacobs,8123027897,rjacobsnd@wordpress.org,40513 Debs Court
843,Sophie,Geddis,9801466836,sgeddisne@google.ca,31 International Lane
844,Hadlee,Picford,8093004881,hpicfordnf@addtoany.com,0982 Katie Parkway
845,Isabeau,Dartan,2375214410,idartanng@artisteer.com,40 Sommers Parkway
846,Finley,Ciobotaru,1037362253,fciobotarunh@sciencedaily.com,02 Brickson Park Street
847,Haleigh,Wythe,7719366357,hwytheni@comsenz.com,07084 Dorton Place
848,Vere,Thunders,6518406622,vthundersnj@eepurl.com,530 Knutson Street
849,Avigdor,Boraston,7162472196,aborastonnk@odnoklassniki.ru,5 Golf Course Pass
850,Michale,Knapton,3134664084,mknaptonnl@jugem.jp,05827 Warbler Circle
851,Rusty,Giffon,4399889934,rgiffonnm@intel.com,61621 Hoepker Road
852,Leela,Thelwll,4352963809,lthelwllnn@ask.com,90 Jay Trail
853,Ki,Bridgens,4877712882,kbridgensno@mozilla.org,975 Clove Road
854,Myca,Smylie,2948465331,msmylienp@hugedomains.com,88969 Judy Place
855,Thayne,Barwood,1433461861,tbarwoodnq@foxnews.com,43 Scoville Hill
856,Jessie,Densey,3553669539,jdenseynr@wunderground.com,904 Meadow Valley Hill
857,Norrie,Chaplin,1274015784,nchaplinns@baidu.com,6055 Pierstorff Plaza
858,Gustie,Munroe,1492347123,gmunroent@rambler.ru,76894 Riverside Park
859,Duff,Findlow,1311765193,dfindlownu@nyu.edu,3 Cambridge Place
860,Cassie,Whitehead,1265490321,cwhiteheadnv@omniture.com,35778 Westport Point
861,Bradley,Dodamead,5678537374,bdodameadnw@fda.gov,8497 Havey Plaza
862,Melita,Housby,7472746840,mhousbynx@un.org,41 Holy Cross Alley
863,Christoffer,Hannaby,4616632031,channabyny@alexa.com,1601 Longview Parkway
864,Orton,Fahrenbacher,4582764813,ofahrenbachernz@nasa.gov,46 Sheridan Point
865,Joli,Rendell,7245155463,jrendello0@nydailynews.com,78578 Troy Trail
866,Jaime,Oganian,5664162745,joganiano1@soup.io,99397 Carioca Pass
867,Vevay,McGillacoell,2579086073,vmcgillacoello2@ed.gov,38786 Rusk Terrace
868,Aldwin,Orsi,7038275295,aorsio3@theatlantic.com,165 Corscot Point
869,Art,McGeown,1057268630,amcgeowno4@tuttocitta.it,2214 Troy Junction
870,Richy,Jinkins,9794591978,rjinkinso5@goo.ne.jp,9 Swallow Point
871,Joel,Romeo,2593926535,jromeoo6@sitemeter.com,64021 Bartillon Court
872,Arlana,Guiet,4819571344,aguieto7@about.com,3 Texas Circle
873,Fred,Tidder,4593205201,ftiddero8@mtv.com,33658 Eggendart Lane
874,Kimmy,Camble,2509149230,kcambleo9@pbs.org,53 Kropf Lane
875,Eleanore,Stearn,5483972839,estearnoa@twitpic.com,909 Badeau Road
876,Cointon,Glendenning,8522038795,cglendenningob@sun.com,612 Lake View Alley
877,Lauree,Gauvin,5691671326,lgauvinoc@yellowpages.com,46980 Harbort Terrace
878,Eula,Smaleman,3659886612,esmalemanod@weather.com,7996 Shelley Place
879,Alika,Arnout,1387696022,aarnoutoe@amazon.co.jp,53447 Shelley Crossing
880,Humfrid,Castiglione,8429755459,hcastiglioneof@nationalgeographic.com,57 Hanover Junction
881,Jo ann,Fowlston,9224484449,jfowlstonog@unicef.org,4274 Truax Park
882,Lexie,Meldrum,6226998614,lmeldrumoh@deliciousdays.com,5 Tomscot Drive
883,Maddie,Dixcee,8678623181,mdixceeoi@squarespace.com,9 Riverside Plaza
884,Pancho,Dowthwaite,2055465286,pdowthwaiteoj@dmoz.org,1129 Summit Drive
885,Van,Gathercole,8878755475,vgathercoleok@github.com,846 Clyde Gallagher Drive
886,Hastings,Petchell,5312032956,hpetchellol@over-blog.com,815 Main Avenue
887,Clywd,Wolseley,4455968672,cwolseleyom@uol.com.br,41791 Orin Center
888,Courtnay,Pudner,4497011215,cpudneron@usnews.com,5 Birchwood Way
889,Arri,Ivannikov,9846846650,aivannikovoo@vinaora.com,54748 Lillian Trail
890,Wiley,Montfort,9619129182,wmontfortop@pinterest.com,46 Lindbergh Pass
891,Abey,Paoletti,4084413652,apaolettioq@altervista.org,43 Schlimgen Way
892,Wallie,Schild,9017510024,wschildor@pinterest.com,08167 Butterfield Park
893,Leontyne,Djurkovic,8561004418,ldjurkovicos@networkadvertising.org,49061 Mockingbird Pass
894,Lawrence,Whightman,7556885801,lwhightmanot@arstechnica.com,3426 Ludington Pass
895,Farley,Jochen,7526639585,fjochenou@nps.gov,9 Ronald Regan Terrace
896,Shirlee,Glenister,3737631503,sglenisterov@artisteer.com,06 Green Avenue
897,Wendie,Thorlby,1408613570,wthorlbyow@auda.org.au,7 Starling Parkway
898,Fidel,Pree,7761083132,fpreeox@simplemachines.org,416 Bayside Pass
899,Jeth,Jinda,1008052897,jjindaoy@xing.com,30147 Coleman Road
900,Elka,Gove,2397285966,egoveoz@shinystat.com,661 Westend Terrace
901,Eula,Mallen,4347290655,emallenp0@wikia.com,6593 Cascade Junction
902,Margit,Karpeev,7306031488,mkarpeevp1@intel.com,4312 Nelson Park
903,Edwina,Leaton,3504232445,eleatonp2@fda.gov,3377 Northport Point
904,Hildy,Coughlin,3515550421,hcoughlinp3@addtoany.com,6415 Annamark Avenue
905,Kerstin,Bowdler,6314000000,kbowdlerp4@pcworld.com,5446 Old Shore Way
906,Helen,Coats,1708283936,hcoatsp5@ft.com,9408 Sachtjen Circle
907,Raffaello,Domek,8325309582,rdomekp6@w3.org,50636 Kim Road
908,Woodrow,Kettridge,6873998520,wkettridgep7@amazon.co.uk,48566 Farwell Circle
909,Ernesta,Brixey,8194991508,ebrixeyp8@t-online.de,6 Karstens Drive
910,Gussie,Kielty,9257378153,gkieltyp9@over-blog.com,3220 Shelley Point
911,Amber,McQuarrie,1079568805,amcquarriepa@theguardian.com,46351 Messerschmidt Circle
912,Marten,Gravett,4825290019,mgravettpb@cornell.edu,5 Forster Court
913,Esra,Maffi,9671652402,emaffipc@zdnet.com,04968 Lawn Plaza
914,Shep,Tussaine,4961877118,stussainepd@mysql.com,2 Heath Place
915,Stu,McTerlagh,4387738983,smcterlaghpe@wikispaces.com,1 Ramsey Street
916,Jere,Hymor,4807194269,jhymorpf@shutterfly.com,7 Waxwing Drive
917,Dunstan,Hagland,8207110651,dhaglandpg@independent.co.uk,93633 Forest Dale Circle
918,Clayton,Salerno,3151793987,csalernoph@canalblog.com,852 Mockingbird Center
919,Arabela,Paulou,3192304541,apauloupi@youku.com,53 Straubel Point
920,Leelah,McAlroy,1101946072,lmcalroypj@1und1.de,46 Scoville Alley
921,Kaleena,Decourt,6011463306,kdecourtpk@opensource.org,5 Twin Pines Place
922,Fawnia,Broadberrie,6496635321,fbroadberriepl@eventbrite.com,8517 Russell Avenue
923,Faulkner,Heatherington,3068828174,fheatheringtonpm@hud.gov,78763 Fairview Terrace
924,Delmar,Hollingby,6844977050,dhollingbypn@npr.org,716 Thompson Way
925,Bobbie,Bilsford,8583452410,bbilsfordpo@gmpg.org,01 Burrows Center
926,Gabi,Mokes,6346241070,gmokespp@taobao.com,1929 Bay Pass
927,Willdon,Moquin,8265716812,wmoquinpq@barnesandnoble.com,24507 Dryden Street
928,Minnnie,Satteford,5943295893,msattefordpr@nba.com,93118 Northridge Junction
929,Denice,Trighton,6381786940,dtrightonps@parallels.com,49 Sutteridge Park
930,Vale,Ewins,7534856884,vewinspt@people.com.cn,44281 Carpenter Center
931,Ky,Dow,8351419036,kdowpu@tumblr.com,433 Scott Parkway
932,Curr,Pessold,1034615362,cpessoldpv@ftc.gov,01 Jenna Avenue
933,Charmine,Gristhwaite,7561009300,cgristhwaitepw@homestead.com,00 Butternut Avenue
934,Zea,Brydell,7487626255,zbrydellpx@comsenz.com,0110 Vernon Circle
935,Natty,Thorius,5237177484,nthoriuspy@friendfeed.com,63268 Coleman Hill
936,Gian,Crewther,9725696515,gcrewtherpz@bigcartel.com,2014 Arrowood Park
937,Liam,Finding,6738528001,lfindingq0@blogtalkradio.com,4 Gulseth Circle
938,Breena,Corroyer,6134844898,bcorroyerq1@imdb.com,52623 Mallory Junction
939,Lou,Dunmore,6332587110,ldunmoreq2@google.com,97 Nobel Trail
940,Lezley,Ledward,9745605903,lledwardq3@slashdot.org,735 Welch Circle
941,Brinn,Fermer,3391412872,bfermerq4@netscape.com,05526 Graceland Avenue
942,Maddy,Pethick,3059463037,mpethickq5@jigsy.com,31 Grasskamp Way
943,Maddy,Jaffray,1727134137,mjaffrayq6@washington.edu,9 Ryan Circle
944,Ario,Cuerdall,9772969532,acuerdallq7@quantcast.com,2458 Sunnyside Circle
945,Carlyle,Trimming,7514678939,ctrimmingq8@addtoany.com,99 Clarendon Terrace
946,Bret,De Anesy,6751160001,bdeanesyq9@hexun.com,68368 Forest Dale Lane
947,Jess,Abraham,6671846931,jabrahamqa@jiathis.com,1 Southridge Trail
948,Dall,Giovanardi,3371555849,dgiovanardiqb@de.vu,8 Chinook Court
949,Amby,Reiling,9423561239,areilingqc@usgs.gov,21 Continental Trail
950,Mindy,Germann,3047942918,mgermannqd@java.com,35 Kinsman Alley
951,Bernette,Bjorkan,2348569559,bbjorkanqe@un.org,82 Service Parkway
952,Wrennie,Slyme,1792354517,wslymeqf@toplist.cz,28 Chinook Center
953,Euphemia,Witton,3804103830,ewittonqg@ovh.net,35269 Sunfield Crossing
954,Antoni,Woollaston,2422577174,awoollastonqh@linkedin.com,7346 Red Cloud Lane
955,Lilly,Simeons,1453825310,lsimeonsqi@fotki.com,543 Golf Course Crossing
956,Marjie,Revance,1332597942,mrevanceqj@ibm.com,7 Buena Vista Place
957,Astra,Lilleycrop,3721155902,alilleycropqk@example.com,92144 Almo Terrace
958,Gage,Norvell,2642326907,gnorvellql@sogou.com,5 Dryden Park
959,Almeria,Bester,5907677740,abesterqm@mlb.com,882 Spenser Street
960,Mylo,Swanborrow,6271104787,mswanborrowqn@mayoclinic.com,1 Straubel Crossing
961,Sybyl,Ayto,5627752285,saytoqo@narod.ru,8912 Iowa Center
962,Rachael,Disley,2608154357,rdisleyqp@360.cn,3 Westerfield Park
963,Starr,Pettit,3096026120,spettitqq@dot.gov,1044 Kropf Crossing
964,Alic,Snazel,4777660863,asnazelqr@youtube.com,900 Sachtjen Junction
965,Gregg,Heinecke,2152352900,gheineckeqs@intel.com,98 1st Hill
966,Heddie,Seakes,9159527830,hseakesqt@abc.net.au,69 Sachtjen Crossing
967,Kelsi,Scutching,1523289541,kscutchingqu@tripadvisor.com,28749 Schurz Crossing
968,Chic,Selesnick,2532611180,cselesnickqv@arstechnica.com,4 International Plaza
969,Sheffield,Blasgen,8853592779,sblasgenqw@altervista.org,78 Ryan Park
970,Dinnie,Oldham,7332899863,doldhamqx@tinyurl.com,3930 Welch Point
971,Jeanna,Lord,4481010336,jlordqy@engadget.com,7210 Tomscot Avenue
972,Reeba,Rawood,5908824595,rrawoodqz@adobe.com,56526 Blackbird Center
973,Thomasin,Biaggioni,9095643637,tbiaggionir0@umich.edu,66 Old Gate Lane
974,Aurore,Brettle,3264339571,abrettler1@so-net.ne.jp,66 Springs Road
975,Becka,Earengey,8743830452,bearengeyr2@slashdot.org,32248 Eagle Crest Trail
976,Daffie,Skitt,1298445520,dskittr3@spotify.com,970 High Crossing Lane
977,Salomo,Jakeman,1878317054,sjakemanr4@businesswire.com,7108 American Junction
978,Orville,Critzen,8281580163,ocritzenr5@mtv.com,8364 Upham Parkway
979,Alison,Becom,4477722726,abecomr6@last.fm,1960 Randy Center
980,Rudolf,Hauck,8503620747,rhauckr7@cafepress.com,91 Almo Center
981,Tandi,MacNeely,1718283875,tmacneelyr8@fda.gov,5 Magdeline Road
982,Cindi,Nise,7942734060,cniser9@nydailynews.com,464 Heffernan Park
983,Gan,Dashper,3739124642,gdashperra@yandex.ru,77633 Towne Park
984,Franny,Poulden,3478728735,fpouldenrb@reddit.com,38500 Warrior Way
985,Pennie,Luto,1255162703,plutorc@youku.com,03 Weeping Birch Point
986,Lilia,Tales,2608224762,ltalesrd@about.me,1 Bashford Park
987,Willow,MacPaik,5383996341,wmacpaikre@wunderground.com,0813 Crowley Crossing
988,Georgeanna,Hardi,5592734491,ghardirf@networksolutions.com,03 Chive Lane
989,Simon,Rau,9508665257,sraurg@wired.com,7 Stone Corner Court
990,Curr,Lomond,8205990330,clomondrh@skyrock.com,9467 Manitowish Court
991,Ferdinanda,Giacoppoli,5664946850,fgiacoppoliri@nih.gov,3717 Randy Point
992,Dalli,Dust,1781142200,ddustrj@wufoo.com,20 Kipling Park
993,Tomasina,Scardifield,8552556761,tscardifieldrk@vistaprint.com,00 Bunting Park
994,Enrica,Rudyard,7637453190,erudyardrl@mac.com,52 David Plaza
995,Phillida,Harris,5079040532,pharrisrm@forbes.com,1433 Holy Cross Trail
996,Hakeem,Le Quesne,5027513489,hlequesnern@wikipedia.org,69391 Prentice Plaza
997,Dillie,Todari,7104409390,dtodariro@utexas.edu,999 Messerschmidt Plaza
998,Sharai,Cordsen,1368984374,scordsenrp@jugem.jp,06146 Donald Pass
999,Dyann,Leveridge,4863141662,dleveridgerq@oakley.com,2 Larry Avenue
1000,Kenyon,Jackson,9397205174,kjacksonrr@so-net.ne.jp,58837 Killdeer Trail
